0wg.gs,availability,True
16r.gs,availability,True
156.gs,availability,True
14v.gs,availability,True
15b.gs,availability,True
11d.gs,availability,True
14c.gs,availability,True
11o.gs,availability,True
107.gs,availability,True
149.gs,availability,True
146.gs,availability,True
100.gs,availability,False
151.gs,availability,True
14d.gs,availability,True
12l.gs,availability,True
16z.gs,availability,True
158.gs,availability,True
11b.gs,availability,True
10d.gs,availability,True
11l.gs,availability,True
0xr.gs,availability,True
16w.gs,availability,True
0y7.gs,availability,True
0y8.gs,availability,True
139.gs,availability,True
101.gs,availability,False
12m.gs,availability,True
16u.gs,availability,True
14z.gs,availability,True
12q.gs,availability,True
16t.gs,availability,True
10p.gs,availability,True
0ya.gs,availability,True
14k.gs,availability,True
143.gs,availability,True
11m.gs,availability,True
108.gs,availability,True
105.gs,availability,True
0wh.gs,availability,True
170.gs,availability,True
0xu.gs,availability,True
159.gs,availability,True
14b.gs,availability,True
11k.gs,availability,True
12s.gs,availability,True
141.gs,availability,False
10a.gs,availability,True
148.gs,availability,True
10b.gs,availability,True
11c.gs,availability,True
154.gs,availability,True
14f.gs,availability,True
12r.gs,availability,True
11n.gs,availability,True
119.gs,availability,False
11f.gs,availability,True
14a.gs,availability,True
153.gs,availability,True
0yp.gs,availability,True
12n.gs,availability,True
12t.gs,availability,True
0zy.gs,availability,True
0z9.gs,availability,True
15c.gs,availability,True
0y3.gs,availability,True
142.gs,availability,True
145.gs,availability,True
16x.gs,availability,True
0wi.gs,availability,True
12o.gs,availability,True
0z7.gs,availability,True
14y.gs,availability,True
0yc.gs,availability,True
124.gs,availability,False
11e.gs,availability,True
0xy.gs,availability,True
113.gs,availability,False
155.gs,availability,True
0xv.gs,availability,True
10r.gs,availability,True
106.gs,availability,True
16b.gs,availability,True
179.gs,availability,True
118.gs,availability,False
157.gs,availability,True
10w.gs,availability,True
13m.gs,availability,True
0xq.gs,availability,True
17k.gs,availability,True
10n.gs,availability,True
13n.gs,availability,True
10q.gs,availability,True
17i.gs,availability,True
0zk.gs,availability,True
0y4.gs,availability,True
0y1.gs,availability,True
17x.gs,availability,True
17j.gs,availability,True
11j.gs,availability,True
150.gs,availability,True
144.gs,availability,True
10e.gs,availability,True
15j.gs,availability,True
14j.gs,availability,True
0y9.gs,availability,True
10s.gs,availability,True
10c.gs,availability,True
14h.gs,availability,True
0zo.gs,availability,True
147.gs,availability,True
189.gs,availability,False
0xn.gs,availability,True
17a.gs,availability,True
177.gs,availability,True
13s.gs,availability,True
12c.gs,availability,True
13u.gs,availability,True
0wj.gs,availability,True
178.gs,availability,True
16v.gs,availability,True
11g.gs,availability,True
0y2.gs,availability,True
15x.gs,availability,True
185.gs,availability,True
13t.gs,availability,True
0zv.gs,availability,True
140.gs,availability,True
0wq.gs,availability,True
17r.gs,availability,True
104.gs,availability,True
13h.gs,availability,True
13z.gs,availability,True
12u.gs,availability,False
0y0.gs,availability,True
182.gs,availability,True
128.gs,availability,False
17t.gs,availability,True
14e.gs,availability,True
17z.gs,availability,True
12g.gs,availability,True
102.gs,availability,True
186.gs,availability,True
10x.gs,availability,True
14i.gs,availability,True
0zf.gs,availability,True
103.gs,availability,True
15v.gs,availability,True
0zb.gs,availability,True
17u.gs,availability,True
0zl.gs,availability,True
180.gs,availability,True
0zq.gs,availability,True
14q.gs,availability,True
114.gs,availability,True
18j.gs,availability,True
0yq.gs,availability,True
193.gs,availability,False
12x.gs,availability,True
0y6.gs,availability,True
0z6.gs,availability,True
15f.gs,availability,True
13a.gs,availability,True
0zu.gs,availability,True
10y.gs,availability,True
17f.gs,availability,True
0xh.gs,availability,True
15u.gs,availability,True
15m.gs,availability,True
14o.gs,availability,True
0zc.gs,availability,True
0xp.gs,availability,True
0ww.gs,availability,True
18u.gs,availability,True
0x9.gs,availability,True
0xt.gs,availability,True
0za.gs,availability,True
11h.gs,availability,True
19a.gs,availability,True
0xm.gs,availability,True
12h.gs,availability,True
0zx.gs,availability,True
17y.gs,availability,True
184.gs,availability,True
19j.gs,availability,True
0yd.gs,availability,True
10m.gs,availability,True
0ze.gs,availability,True
10j.gs,availability,True
12d.gs,availability,True
121.gs,availability,True
17e.gs,availability,True
13w.gs,availability,True
10u.gs,availability,True
0wn.gs,availability,True
18a.gs,availability,True
164.gs,availability,True
181.gs,availability,True
0zg.gs,availability,True
14p.gs,availability,True
15o.gs,availability,True
17n.gs,availability,True
0x5.gs,availability,True
17m.gs,availability,True
0zr.gs,availability,True
12a.gs,availability,True
18p.gs,availability,True
0x3.gs,availability,True
18g.gs,availability,True
17d.gs,availability,True
109.gs,availability,True
0xa.gs,availability,True
19i.gs,availability,True
129.gs,availability,True
137.gs,availability,True
10l.gs,availability,True
19c.gs,availability,True
12i.gs,availability,True
11u.gs,availability,True
0xb.gs,availability,True
14s.gs,availability,True
18z.gs,availability,True
16a.gs,availability,True
18i.gs,availability,True
15s.gs,availability,True
0yr.gs,availability,True
17o.gs,availability,True
18n.gs,availability,True
167.gs,availability,False
18s.gs,availability,True
13p.gs,availability,True
0xi.gs,availability,True
18c.gs,availability,True
15p.gs,availability,True
187.gs,availability,True
16g.gs,availability,True
0yi.gs,availability,True
10g.gs,availability,True
0xz.gs,availability,True
0ym.gs,availability,True
15k.gs,availability,True
112.gs,availability,True
12b.gs,availability,True
0yu.gs,availability,True
122.gs,availability,False
19d.gs,availability,True
15l.gs,availability,True
110.gs,availability,False
16i.gs,availability,True
123.gs,availability,False
169.gs,availability,False
13d.gs,availability,True
19m.gs,availability,True
12f.gs,availability,True
161.gs,availability,True
1a8.gs,availability,True
0yg.gs,availability,True
0yb.gs,availability,True
13i.gs,availability,True
131.gs,availability,True
115.gs,availability,False
176.gs,availability,True
11r.gs,availability,True
19q.gs,availability,True
17w.gs,availability,True
19u.gs,availability,True
116.gs,availability,True
19s.gs,availability,True
138.gs,availability,True
191.gs,availability,False
165.gs,availability,True
19k.gs,availability,True
0yl.gs,availability,True
13v.gs,availability,True
18b.gs,availability,True
0yf.gs,availability,True
198.gs,availability,True
10i.gs,availability,True
19z.gs,availability,True
16p.gs,availability,True
196.gs,availability,True
0wz.gs,availability,True
0yh.gs,availability,True
13b.gs,availability,True
0zi.gs,availability,True
10t.gs,availability,True
0zd.gs,availability,True
1a6.gs,availability,True
12p.gs,availability,True
1ab.gs,availability,True
11v.gs,availability,True
13k.gs,availability,True
0yx.gs,availability,True
11i.gs,availability,True
160.gs,availability,False
13l.gs,availability,True
15z.gs,availability,True
0yz.gs,availability,True
134.gs,availability,True
162.gs,availability,True
12y.gs,availability,True
17l.gs,availability,True
17b.gs,availability,True
16c.gs,availability,True
12v.gs,availability,True
13f.gs,availability,True
16k.gs,availability,True
111.gs,availability,False
15t.gs,availability,True
183.gs,availability,True
0xx.gs,availability,True
11s.gs,availability,True
13o.gs,availability,True
13e.gs,availability,True
0wp.gs,availability,True
0z1.gs,availability,True
135.gs,availability,False
16d.gs,availability,True
15e.gs,availability,True
13r.gs,availability,True
0xl.gs,availability,True
0wk.gs,availability,True
15n.gs,availability,True
126.gs,availability,True
0xo.gs,availability,True
0zm.gs,availability,True
14x.gs,availability,True
12e.gs,availability,True
0wu.gs,availability,True
0zj.gs,availability,True
15q.gs,availability,True
0y5.gs,availability,True
0x2.gs,availability,True
192.gs,availability,True
0wr.gs,availability,True
125.gs,availability,True
18l.gs,availability,True
19v.gs,availability,True
0yv.gs,availability,True
13q.gs,availability,True
163.gs,availability,False
0xf.gs,availability,True
152.gs,availability,True
13c.gs,availability,True
0zw.gs,availability,True
17h.gs,availability,True
0wt.gs,availability,True
0ye.gs,availability,True
16n.gs,availability,True
0x1.gs,availability,True
0x4.gs,availability,True
0yj.gs,availability,True
190.gs,availability,True
17s.gs,availability,True
18x.gs,availability,True
1a2.gs,availability,True
0x7.gs,availability,True
0wv.gs,availability,True
19b.gs,availability,True
1a7.gs,availability,True
16h.gs,availability,True
0wo.gs,availability,True
174.gs,availability,True
0wm.gs,availability,True
136.gs,availability,True
0xd.gs,availability,True
18m.gs,availability,True
19p.gs,availability,True
0zt.gs,availability,True
16e.gs,availability,True
0yy.gs,availability,True
127.gs,availability,True
18d.gs,availability,True
0zh.gs,availability,True
12j.gs,availability,True
18k.gs,availability,True
16y.gs,availability,True
15g.gs,availability,True
18q.gs,availability,True
17p.gs,availability,True
12z.gs,availability,True
133.gs,availability,True
19o.gs,availability,True
0zp.gs,availability,True
19g.gs,availability,True
14w.gs,availability,True
194.gs,availability,False
1a4.gs,availability,True
15d.gs,availability,True
15i.gs,availability,True
19x.gs,availability,True
19e.gs,availability,True
18r.gs,availability,True
18h.gs,availability,True
0z2.gs,availability,True
0yo.gs,availability,True
166.gs,availability,True
175.gs,availability,True
199.gs,availability,True
18v.gs,availability,True
0wl.gs,availability,True
0z5.gs,availability,True
15r.gs,availability,True
168.gs,availability,True
1a3.gs,availability,True
1a9.gs,availability,True
0x0.gs,availability,True
10k.gs,availability,True
0xg.gs,availability,True
14l.gs,availability,True
12k.gs,availability,True
16f.gs,availability,True
10h.gs,availability,True
1a0.gs,availability,True
14g.gs,availability,True
0xs.gs,availability,True
0xe.gs,availability,True
195.gs,availability,True
0zs.gs,availability,True
11t.gs,availability,True
0wy.gs,availability,True
15h.gs,availability,True
11a.gs,availability,True
16m.gs,availability,True
18w.gs,availability,True
13x.gs,availability,True
13g.gs,availability,True
17c.gs,availability,True
0z8.gs,availability,True
11p.gs,availability,True
0z3.gs,availability,True
132.gs,availability,True
0xj.gs,availability,True
0yw.gs,availability,True
19f.gs,availability,True
10o.gs,availability,True
18o.gs,availability,True
13y.gs,availability,True
0yn.gs,availability,True
0ws.gs,availability,True
16l.gs,availability,True
120.gs,availability,False
188.gs,availability,False
11z.gs,availability,True
171.gs,availability,True
1a1.gs,availability,True
19w.gs,availability,True
19h.gs,availability,True
11w.gs,availability,True
16o.gs,availability,True
0yt.gs,availability,True
1a5.gs,availability,True
18t.gs,availability,True
0z0.gs,availability,True
10f.gs,availability,True
0xw.gs,availability,True
0x6.gs,availability,True
16s.gs,availability,True
18y.gs,availability,True
172.gs,availability,True
1aa.gs,availability,True
19l.gs,availability,True
0yk.gs,availability,True
18f.gs,availability,True
19t.gs,availability,True
197.gs,availability,True
18e.gs,availability,True
11y.gs,availability,True
14r.gs,availability,True
11q.gs,availability,True
0ys.gs,availability,True
19n.gs,availability,True
15y.gs,availability,True
0x8.gs,availability,True
0z4.gs,availability,True
13j.gs,availability,True
10z.gs,availability,True
173.gs,availability,True
0zz.gs,availability,True
12w.gs,availability,True
10v.gs,availability,True
17v.gs,availability,True
16q.gs,availability,True
0xk.gs,availability,True
19r.gs,availability,True
17q.gs,availability,True
16j.gs,availability,True
19y.gs,availability,True
14u.gs,availability,True
14t.gs,availability,True
130.gs,availability,True
17g.gs,availability,True
0zn.gs,availability,True
14m.gs,availability,True
117.gs,availability,True
15w.gs,availability,True
15a.gs,availability,True
0xc.gs,availability,True
0wx.gs,availability,True
14n.gs,availability,True
11x.gs,availability,True
30.gs,availability,False
7j.gs,availability,False
5e.gs,availability,False
50.gs,availability,False
4u.gs,availability,False
53.gs,availability,False
58.gs,availability,False
2c.gs,availability,False
4w.gs,availability,False
26.gs,availability,False
59.gs,availability,False
4v.gs,availability,False
7i.gs,availability,False
56.gs,availability,False
1.gs,availability,False
5d.gs,availability,False
7w.gs,availability,False
28.gs,availability,False
2a.gs,availability,False
52.gs,availability,False
6p.gs,availability,False
7k.gs,availability,False
4y.gs,availability,False
0.gs,availability,False
4.gs,availability,False
4f.gs,availability,False
2.gs,availability,False
84.gs,availability,False
3s.gs,availability,False
33.gs,availability,False
w.gs,availability,False
1n.gs,availability,False
n.gs,availability,False
3r.gs,availability,False
3v.gs,availability,False
3q.gs,availability,False
43.gs,availability,False
02.gs,availability,False
ad.gs,availability,False
7v.gs,availability,False
1p.gs,availability,False
57.gs,availability,False
1o.gs,availability,False
32.gs,availability,False
2g.gs,availability,False
3u.gs,availability,False
5b.gs,availability,False
42.gs,availability,False
24.gs,availability,False
7h.gs,availability,False
3t.gs,availability,False
51.gs,availability,False
3z.gs,availability,False
54.gs,availability,False
31.gs,availability,False
9m.gs,availability,False
00.gs,availability,False
6r.gs,availability,False
8q.gs,availability,False
0c.gs,availability,False
01.gs,availability,False
4x.gs,availability,False
6s.gs,availability,False
z.gs,availability,False
7u.gs,availability,False
1m.gs,availability,False
7s.gs,availability,False
4b.gs,availability,False
8e.gs,availability,False
7p.gs,availability,False
35.gs,availability,False
3b.gs,availability,False
36.gs,availability,False
0r.gs,availability,False
7f.gs,availability,False
4t.gs,availability,False
4z.gs,availability,False
3p.gs,availability,False
bw.gs,availability,False
47.gs,availability,False
9c.gs,availability,False
4o.gs,availability,False
cg.gs,availability,False
7o.gs,availability,False
48.gs,availability,False
0m.gs,availability,False
38.gs,availability,False
7n.gs,availability,False
46.gs,availability,False
4d.gs,availability,False
81.gs,availability,False
x.gs,availability,False
7q.gs,availability,False
9l.gs,availability,False
0s.gs,availability,False
8c.gs,availability,False
5a.gs,availability,False
9.gs,availability,False
b2.gs,availability,False
4e.gs,availability,False
44.gs,availability,False
4p.gs,availability,False
8j.gs,availability,False
0w.gs,availability,False
5c.gs,availability,False
3d.gs,availability,False
q.gs,availability,False
8z.gs,availability,False
45.gs,availability,False
u.gs,availability,False
an.gs,availability,False
y.gs,availability,False
41.gs,availability,False
4g.gs,availability,False
cu.gs,availability,False
0f.gs,availability,False
4a.gs,availability,False
07.gs,availability,False
7t.gs,availability,False
g.gs,availability,False
39.gs,availability,False
b0.gs,availability,False
37.gs,availability,False
9f.gs,availability,False
6c.gs,availability,False
4q.gs,availability,False
6u.gs,availability,False
13.gs,availability,False
0h.gs,availability,False
0l.gs,availability,False
e.gs,availability,False
7r.gs,availability,False
25.gs,availability,False
7d.gs,availability,False
7m.gs,availability,False
a.gs,availability,False
8b.gs,availability,False
6b.gs,availability,False
06.gs,availability,False
9o.gs,availability,False
9i.gs,availability,False
be.gs,availability,False
85.gs,availability,False
20.gs,availability,False
1r.gs,availability,False
9p.gs,availability,False
4l.gs,availability,False
6q.gs,availability,False
0k.gs,availability,False
4i.gs,availability,False
v.gs,availability,False
29.gs,availability,False
h.gs,availability,False
87.gs,availability,False
08.gs,availability,False
05.gs,availability,False
49.gs,availability,False
f.gs,availability,False
9h.gs,availability,False
4c.gs,availability,False
1b.gs,availability,False
0a.gs,availability,False
0v.gs,availability,False
a6.gs,availability,False
0g.gs,availability,False
2v.gs,availability,False
19.gs,availability,False
66.gs,availability,False
5f.gs,availability,False
1f.gs,availability,False
7l.gs,availability,False
2t.gs,availability,False
9g.gs,availability,False
6x.gs,availability,False
5j.gs,availability,False
79.gs,availability,False
a3.gs,availability,False
9r.gs,availability,False
c8.gs,availability,False
6y.gs,availability,False
8o.gs,availability,False
6n.gs,availability,False
3m.gs,availability,False
1c.gs,availability,False
5.gs,availability,False
15.gs,availability,False
16.gs,availability,False
4s.gs,availability,False
83.gs,availability,False
8d.gs,availability,False
3x.gs,availability,False
ba.gs,availability,False
5x.gs,availability,False
k.gs,availability,False
76.gs,availability,False
ay.gs,availability,False
73.gs,availability,False
5s.gs,availability,False
4h.gs,availability,False
by.gs,availability,False
cc.gs,availability,False
a8.gs,availability,False
71.gs,availability,False
ch.gs,availability,False
8.gs,availability,False
72.gs,availability,False
21.gs,availability,False
9d.gs,availability,False
77.gs,availability,False
5r.gs,availability,False
99.gs,availability,False
a9.gs,availability,False
aw.gs,availability,False
89.gs,availability,False
bt.gs,availability,False
17.gs,availability,False
92.gs,availability,False
ar.gs,availability,False
4r.gs,availability,False
5m.gs,availability,False
8k.gs,availability,False
69.gs,availability,False
ac.gs,availability,False
2p.gs,availability,False
aj.gs,availability,False
97.gs,availability,False
3c.gs,availability,False
8r.gs,availability,False
8p.gs,availability,False
10.gs,availability,False
bn.gs,availability,False
3g.gs,availability,False
7x.gs,availability,False
at.gs,availability,False
3y.gs,availability,False
c1.gs,availability,False
d.gs,availability,False
6m.gs,availability,False
5y.gs,availability,False
1i.gs,availability,False
7b.gs,availability,False
5t.gs,availability,False
55.gs,availability,False
9a.gs,availability,False
bh.gs,availability,False
6v.gs,availability,False
6g.gs,availability,False
5g.gs,availability,False
96.gs,availability,False
ce.gs,availability,False
3i.gs,availability,False
0i.gs,availability,False
95.gs,availability,False
aq.gs,availability,False
98.gs,availability,False
64.gs,availability,False
as.gs,availability,False
aa.gs,availability,False
cb.gs,availability,False
ah.gs,availability,False
6h.gs,availability,False
8i.gs,availability,False
3a.gs,availability,False
bq.gs,availability,False
67.gs,availability,False
8l.gs,availability,False
2d.gs,availability,False
8n.gs,availability,False
1v.gs,availability,False
bg.gs,availability,False
o.gs,availability,False
65.gs,availability,False
12.gs,availability,False
3.gs,availability,False
2k.gs,availability,False
8w.gs,availability,False
bd.gs,availability,False
9w.gs,availability,False
90.gs,availability,False
5n.gs,availability,False
2u.gs,availability,False
6l.gs,availability,False
b9.gs,availability,False
a7.gs,availability,False
ao.gs,availability,False
2b.gs,availability,False
b.gs,availability,False
62.gs,availability,False
0x.gs,availability,False
ck.gs,availability,False
2o.gs,availability,False
61.gs,availability,False
2f.gs,availability,False
5z.gs,availability,False
3e.gs,availability,False
ai.gs,availability,False
bp.gs,availability,False
b4.gs,availability,False
cl.gs,availability,False
0d.gs,availability,False
94.gs,availability,False
8g.gs,availability,False
5i.gs,availability,False
c.gs,availability,False
5v.gs,availability,False
91.gs,availability,False
cv.gs,availability,False
4m.gs,availability,False
b3.gs,availability,False
cd.gs,availability,False
b8.gs,availability,False
c7.gs,availability,False
6a.gs,availability,False
cq.gs,availability,False
6e.gs,availability,False
86.gs,availability,False
1a.gs,availability,False
p.gs,availability,False
23.gs,availability,False
1d.gs,availability,False
18.gs,availability,False
1h.gs,availability,False
6w.gs,availability,False
2h.gs,availability,False
c0.gs,availability,False
3h.gs,availability,False
75.gs,availability,False
b5.gs,availability,False
0q.gs,availability,False
8y.gs,availability,False
7y.gs,availability,False
2i.gs,availability,False
al.gs,availability,False
09.gs,availability,False
1e.gs,availability,False
88.gs,availability,False
8t.gs,availability,False
5l.gs,availability,False
8u.gs,availability,False
8m.gs,availability,False
3j.gs,availability,False
7.gs,availability,False
0z.gs,availability,False
s.gs,availability,False
1x.gs,availability,False
af.gs,availability,False
bj.gs,availability,False
1s.gs,availability,False
9s.gs,availability,False
bs.gs,availability,False
9t.gs,availability,False
bf.gs,availability,False
9v.gs,availability,False
bk.gs,availability,False
bi.gs,availability,False
ap.gs,availability,False
9z.gs,availability,False
2s.gs,availability,False
5u.gs,availability,False
r.gs,availability,False
ci.gs,availability,False
5k.gs,availability,False
04.gs,availability,False
bv.gs,availability,False
9q.gs,availability,False
68.gs,availability,False
c9.gs,availability,False
a1.gs,availability,False
4j.gs,availability,False
8f.gs,availability,False
8s.gs,availability,False
1y.gs,availability,False
2j.gs,availability,False
ab.gs,availability,False
0y.gs,availability,False
5o.gs,availability,False
80.gs,availability,False
c6.gs,availability,False
5q.gs,availability,False
2x.gs,availability,False
ca.gs,availability,False
t.gs,availability,False
1j.gs,availability,False
9n.gs,availability,False
2y.gs,availability,False
bb.gs,availability,False
60.gs,availability,False
l.gs,availability,False
2m.gs,availability,False
9e.gs,availability,False
2l.gs,availability,False
27.gs,availability,False
a4.gs,availability,False
au.gs,availability,False
m.gs,availability,False
5w.gs,availability,False
8h.gs,availability,False
a0.gs,availability,False
8a.gs,availability,False
9x.gs,availability,False
1u.gs,availability,False
9j.gs,availability,False
74.gs,availability,False
c5.gs,availability,False
4k.gs,availability,False
cn.gs,availability,False
6t.gs,availability,False
0p.gs,availability,False
6o.gs,availability,False
9b.gs,availability,False
9u.gs,availability,False
78.gs,availability,False
1l.gs,availability,False
6d.gs,availability,False
ae.gs,availability,False
c2.gs,availability,False
bm.gs,availability,False
6.gs,availability,False
1g.gs,availability,False
34.gs,availability,False
14.gs,availability,False
br.gs,availability,False
2z.gs,availability,False
0u.gs,availability,False
ag.gs,availability,False
0n.gs,availability,False
2e.gs,availability,False
11.gs,availability,False
70.gs,availability,False
2r.gs,availability,False
2q.gs,availability,False
03.gs,availability,False
cj.gs,availability,False
c3.gs,availability,False
cf.gs,availability,False
2n.gs,availability,False
7g.gs,availability,False
0t.gs,availability,False
bc.gs,availability,False
0o.gs,availability,False
9y.gs,availability,False
2w.gs,availability,False
6z.gs,availability,False
cr.gs,availability,False
ct.gs,availability,False
7z.gs,availability,False
a2.gs,availability,False
ak.gs,availability,False
1z.gs,availability,False
8x.gs,availability,False
6f.gs,availability,False
c4.gs,availability,False
0e.gs,availability,False
i.gs,availability,False
1k.gs,availability,False
7a.gs,availability,False
3n.gs,availability,False
j.gs,availability,False
7e.gs,availability,False
63.gs,availability,False
b7.gs,availability,False
3w.gs,availability,False
1w.gs,availability,False
bo.gs,availability,False
1q.gs,availability,False
co.gs,availability,False
5p.gs,availability,False
6j.gs,availability,False
az.gs,availability,False
0b.gs,availability,False
3l.gs,availability,False
3k.gs,availability,False
5h.gs,availability,False
22.gs,availability,False
82.gs,availability,False
40.gs,availability,False
cm.gs,availability,False
4n.gs,availability,False
cs.gs,availability,False
ax.gs,availability,False
av.gs,availability,False
am.gs,availability,False
7c.gs,availability,False
bz.gs,availability,False
0j.gs,availability,False
b1.gs,availability,False
cp.gs,availability,False
6k.gs,availability,False
a5.gs,availability,False
8v.gs,availability,False
bl.gs,availability,False
b6.gs,availability,False
6i.gs,availability,False
3o.gs,availability,False
bx.gs,availability,False
93.gs,availability,False
3f.gs,availability,False
9k.gs,availability,False
1t.gs,availability,False
bu.gs,availability,False
ys.gs,availability,False
si.gs,availability,False
zi.gs,availability,False
ya.gs,availability,False
03m.gs,availability,True
r4.gs,availability,False
sh.gs,availability,False
qy.gs,availability,False
ue.gs,availability,False
wc.gs,availability,False
s9.gs,availability,False
043.gs,availability,True
02j.gs,availability,True
ru.gs,availability,False
zb.gs,availability,False
03y.gs,availability,True
te.gs,availability,False
yu.gs,availability,False
028.gs,availability,True
v5.gs,availability,False
01s.gs,availability,True
zg.gs,availability,False
yg.gs,availability,False
tb.gs,availability,False
xx.gs,availability,False
sy.gs,availability,False
uf.gs,availability,False
za.gs,availability,False
yn.gs,availability,False
wp.gs,availability,False
y7.gs,availability,False
xw.gs,availability,False
y9.gs,availability,False
sr.gs,availability,False
w0.gs,availability,False
s6.gs,availability,False
yz.gs,availability,False
xy.gs,availability,False
ss.gs,availability,False
ux.gs,availability,False
zr.gs,availability,False
z4.gs,availability,False
zy.gs,availability,False
yf.gs,availability,False
yw.gs,availability,False
r8.gs,availability,False
yb.gs,availability,False
z1.gs,availability,False
un.gs,availability,False
ym.gs,availability,False
z5.gs,availability,False
xp.gs,availability,False
zv.gs,availability,False
t1.gs,availability,False
rj.gs,availability,False
z8.gs,availability,False
r3.gs,availability,False
sz.gs,availability,False
yr.gs,availability,False
03t.gs,availability,True
vz.gs,availability,False
qt.gs,availability,False
yp.gs,availability,False
rb.gs,availability,False
z6.gs,availability,False
ui.gs,availability,False
v4.gs,availability,False
sf.gs,availability,False
zd.gs,availability,False
rv.gs,availability,False
wg.gs,availability,False
t0.gs,availability,False
yk.gs,availability,False
yh.gs,availability,False
ye.gs,availability,False
r9.gs,availability,False
uc.gs,availability,False
zs.gs,availability,False
t2.gs,availability,False
rz.gs,availability,False
xk.gs,availability,False
wi.gs,availability,False
v9.gs,availability,False
yc.gs,availability,False
qv.gs,availability,False
01y.gs,availability,True
wb.gs,availability,False
01x.gs,availability,True
vl.gs,availability,False
zj.gs,availability,False
u1.gs,availability,False
s5.gs,availability,False
ur.gs,availability,False
xl.gs,availability,False
01u.gs,availability,True
xd.gs,availability,False
t3.gs,availability,False
y6.gs,availability,False
s8.gs,availability,False
u7.gs,availability,False
tt.gs,availability,False
re.gs,availability,False
r6.gs,availability,False
rh.gs,availability,False
033.gs,availability,True
029.gs,availability,True
s7.gs,availability,False
z2.gs,availability,False
01t.gs,availability,True
v7.gs,availability,False
r5.gs,availability,False
xz.gs,availability,False
yv.gs,availability,False
u9.gs,availability,False
u5.gs,availability,False
wh.gs,availability,False
w1.gs,availability,False
u8.gs,availability,False
zx.gs,availability,False
z0.gs,availability,False
we.gs,availability,False
ra.gs,availability,False
02u.gs,availability,True
yx.gs,availability,False
r2.gs,availability,False
y0.gs,availability,False
z3.gs,availability,False
wd.gs,availability,False
yj.gs,availability,False
yy.gs,availability,False
021.gs,availability,True
x2.gs,availability,False
02m.gs,availability,True
xf.gs,availability,False
tu.gs,availability,False
rt.gs,availability,False
01z.gs,availability,True
xt.gs,availability,False
xv.gs,availability,False
03o.gs,availability,True
036.gs,availability,True
yi.gs,availability,False
vm.gs,availability,False
t5.gs,availability,False
rf.gs,availability,False
zh.gs,availability,False
sc.gs,availability,False
02s.gs,availability,True
t6.gs,availability,False
v1.gs,availability,False
rm.gs,availability,False
02d.gs,availability,True
yt.gs,availability,False
y5.gs,availability,False
w3.gs,availability,False
qw.gs,availability,False
00m.gs,availability,True
qu.gs,availability,False
tx.gs,availability,False
qz.gs,availability,False
03i.gs,availability,True
wo.gs,availability,False
td.gs,availability,False
zw.gs,availability,False
wa.gs,availability,False
v8.gs,availability,False
02h.gs,availability,True
zm.gs,availability,False
01k.gs,availability,True
y8.gs,availability,False
vg.gs,availability,False
03p.gs,availability,True
v6.gs,availability,False
02z.gs,availability,True
03d.gs,availability,True
xa.gs,availability,False
t4.gs,availability,False
w2.gs,availability,False
sg.gs,availability,False
02r.gs,availability,True
sw.gs,availability,False
sd.gs,availability,False
sk.gs,availability,False
022.gs,availability,True
th.gs,availability,False
yo.gs,availability,False
tz.gs,availability,False
rk.gs,availability,False
02k.gs,availability,True
u0.gs,availability,False
tf.gs,availability,False
02c.gs,availability,True
02x.gs,availability,True
r0.gs,availability,False
zq.gs,availability,False
y1.gs,availability,False
023.gs,availability,True
sa.gs,availability,False
02i.gs,availability,True
y4.gs,availability,False
02q.gs,availability,True
yd.gs,availability,False
00t.gs,availability,True
sl.gs,availability,False
01v.gs,availability,True
002.gs,availability,True
wk.gs,availability,False
w7.gs,availability,False
tg.gs,availability,False
t8.gs,availability,False
us.gs,availability,False
yq.gs,availability,False
xo.gs,availability,False
tq.gs,availability,False
ug.gs,availability,False
03j.gs,availability,True
sj.gs,availability,False
uy.gs,availability,False
wn.gs,availability,False
02y.gs,availability,True
z9.gs,availability,False
qs.gs,availability,False
r1.gs,availability,False
001.gs,availability,False
sx.gs,availability,False
03l.gs,availability,True
tk.gs,availability,False
wf.gs,availability,False
rx.gs,availability,False
uv.gs,availability,False
zt.gs,availability,False
ta.gs,availability,False
ry.gs,availability,False
x7.gs,availability,False
rg.gs,availability,False
034.gs,availability,False
tn.gs,availability,False
wt.gs,availability,False
02g.gs,availability,True
xj.gs,availability,False
uj.gs,availability,False
ti.gs,availability,False
x9.gs,availability,False
sp.gs,availability,False
so.gs,availability,False
r7.gs,availability,False
s3.gs,availability,False
zu.gs,availability,False
zk.gs,availability,False
tv.gs,availability,False
00n.gs,availability,True
007.gs,availability,False
xq.gs,availability,False
sn.gs,availability,False
vy.gs,availability,False
tc.gs,availability,False
uk.gs,availability,False
w8.gs,availability,False
016.gs,availability,True
vd.gs,availability,False
025.gs,availability,True
004.gs,availability,True
02o.gs,availability,True
006.gs,availability,True
t7.gs,availability,False
ty.gs,availability,False
02v.gs,availability,True
wm.gs,availability,False
01n.gs,availability,True
tw.gs,availability,False
00c.gs,availability,True
ts.gs,availability,False
032.gs,availability,True
02n.gs,availability,True
zo.gs,availability,False
00f.gs,availability,True
026.gs,availability,True
02f.gs,availability,True
03f.gs,availability,True
01a.gs,availability,True
rd.gs,availability,False
01w.gs,availability,True
03k.gs,availability,True
00i.gs,availability,True
00k.gs,availability,True
uw.gs,availability,False
ri.gs,availability,False
s4.gs,availability,False
t9.gs,availability,False
00o.gs,availability,True
01r.gs,availability,True
02e.gs,availability,True
017.gs,availability,False
019.gs,availability,True
038.gs,availability,True
01p.gs,availability,True
rl.gs,availability,False
00d.gs,availability,True
009.gs,availability,True
st.gs,availability,False
zp.gs,availability,False
01d.gs,availability,True
027.gs,availability,True
su.gs,availability,False
00e.gs,availability,True
vv.gs,availability,False
01q.gs,availability,True
03u.gs,availability,True
00h.gs,availability,True
01e.gs,availability,True
se.gs,availability,False
02p.gs,availability,True
037.gs,availability,True
00b.gs,availability,True
z7.gs,availability,False
00a.gs,availability,True
02w.gs,availability,True
031.gs,availability,True
04n.gs,availability,True
v3.gs,availability,False
s1.gs,availability,False
04e.gs,availability,True
04i.gs,availability,True
uu.gs,availability,False
01g.gs,availability,True
qx.gs,availability,False
00l.gs,availability,True
rw.gs,availability,False
x0.gs,availability,False
zn.gs,availability,False
042.gs,availability,True
w9.gs,availability,False
ut.gs,availability,False
uz.gs,availability,False
rq.gs,availability,False
04l.gs,availability,True
rp.gs,availability,False
02b.gs,availability,False
03n.gs,availability,True
00v.gs,availability,True
um.gs,availability,False
ze.gs,availability,False
sq.gs,availability,False
zl.gs,availability,False
02t.gs,availability,True
xu.gs,availability,False
s0.gs,availability,False
u4.gs,availability,False
vr.gs,availability,False
tj.gs,availability,False
04d.gs,availability,True
x1.gs,availability,False
ve.gs,availability,False
w4.gs,availability,False
035.gs,availability,False
01h.gs,availability,True
to.gs,availability,False
03e.gs,availability,True
sv.gs,availability,False
030.gs,availability,True
03b.gs,availability,True
008.gs,availability,True
00x.gs,availability,True
00w.gs,availability,True
vi.gs,availability,False
041.gs,availability,True
ww.gs,availability,False
u6.gs,availability,False
00z.gs,availability,True
00g.gs,availability,True
ws.gs,availability,False
04b.gs,availability,True
vu.gs,availability,False
01c.gs,availability,True
vf.gs,availability,False
u2.gs,availability,False
vh.gs,availability,False
s2.gs,availability,False
x4.gs,availability,False
ua.gs,availability,False
039.gs,availability,True
vb.gs,availability,False
xh.gs,availability,False
wu.gs,availability,False
vc.gs,availability,False
03x.gs,availability,True
rs.gs,availability,False
03v.gs,availability,True
03w.gs,availability,True
04m.gs,availability,True
xc.gs,availability,False
zz.gs,availability,False
tp.gs,availability,False
uh.gs,availability,False
uo.gs,availability,False
00s.gs,availability,True
u3.gs,availability,False
vp.gs,availability,False
wr.gs,availability,False
xm.gs,availability,False
03h.gs,availability,True
04f.gs,availability,True
03q.gs,availability,True
04j.gs,availability,True
03z.gs,availability,True
044.gs,availability,True
xg.gs,availability,False
vt.gs,availability,False
wy.gs,availability,False
012.gs,availability,True
xb.gs,availability,False
015.gs,availability,True
048.gs,availability,True
wz.gs,availability,False
01o.gs,availability,True
04a.gs,availability,True
tm.gs,availability,False
zc.gs,availability,False
00y.gs,availability,True
ul.gs,availability,False
xe.gs,availability,False
00r.gs,availability,True
up.gs,availability,False
01b.gs,availability,True
ro.gs,availability,False
wv.gs,availability,False
vq.gs,availability,False
024.gs,availability,False
046.gs,availability,True
vs.gs,availability,False
01l.gs,availability,True
04g.gs,availability,True
ub.gs,availability,False
000.gs,availability,True
tr.gs,availability,False
013.gs,availability,True
xi.gs,availability,False
018.gs,availability,True
00j.gs,availability,True
01j.gs,availability,True
03r.gs,availability,True
00u.gs,availability,True
vj.gs,availability,False
049.gs,availability,True
sb.gs,availability,False
04h.gs,availability,True
00p.gs,availability,True
wx.gs,availability,False
01f.gs,availability,True
011.gs,availability,True
va.gs,availability,False
040.gs,availability,True
03s.gs,availability,True
x3.gs,availability,False
01m.gs,availability,True
045.gs,availability,False
vw.gs,availability,False
x5.gs,availability,False
zf.gs,availability,False
02l.gs,availability,True
v0.gs,availability,False
vx.gs,availability,False
04k.gs,availability,True
x8.gs,availability,False
vn.gs,availability,False
047.gs,availability,True
vo.gs,availability,False
010.gs,availability,False
01i.gs,availability,True
tl.gs,availability,False
x6.gs,availability,False
00q.gs,availability,True
014.gs,availability,True
020.gs,availability,True
03c.gs,availability,True
xs.gs,availability,False
y3.gs,availability,False
y2.gs,availability,False
02a.gs,availability,True
wl.gs,availability,False
uq.gs,availability,False
rc.gs,availability,False
yl.gs,availability,False
04c.gs,availability,True
wq.gs,availability,False
rr.gs,availability,False
vk.gs,availability,False
03a.gs,availability,True
ud.gs,availability,False
xr.gs,availability,False
sm.gs,availability,False
w5.gs,availability,False
xn.gs,availability,False
rn.gs,availability,False
wj.gs,availability,False
003.gs,availability,True
w6.gs,availability,False
v2.gs,availability,False
005.gs,availability,False
03g.gs,availability,True
0jc.gs,availability,True
0j8.gs,availability,True
0il.gs,availability,True
0jt.gs,availability,True
0ik.gs,availability,True
0js.gs,availability,True
0jr.gs,availability,True
0j1.gs,availability,True
0ix.gs,availability,True
0jg.gs,availability,True
0iu.gs,availability,True
0jo.gs,availability,True
0io.gs,availability,True
0jm.gs,availability,True
0jf.gs,availability,True
0ir.gs,availability,True
0iq.gs,availability,True
0is.gs,availability,True
0j0.gs,availability,True
0it.gs,availability,True
0j3.gs,availability,True
0j9.gs,availability,True
0j6.gs,availability,True
0ju.gs,availability,True
0fe.gs,availability,True
07s.gs,availability,True
0jj.gs,availability,True
0in.gs,availability,True
0jn.gs,availability,True
0cx.gs,availability,True
0j2.gs,availability,True
0ip.gs,availability,True
0iv.gs,availability,True
068.gs,availability,True
0am.gs,availability,True
0iw.gs,availability,True
0j5.gs,availability,True
07l.gs,availability,True
0im.gs,availability,True
0k3.gs,availability,True
0jb.gs,availability,True
0fy.gs,availability,True
0gy.gs,availability,True
0jv.gs,availability,True
0ja.gs,availability,True
0jk.gs,availability,True
0jd.gs,availability,True
0fi.gs,availability,True
0gl.gs,availability,True
0ji.gs,availability,True
0eo.gs,availability,True
0o6.gs,availability,True
07e.gs,availability,True
0qo.gs,availability,True
0jp.gs,availability,True
0sj.gs,availability,True
09t.gs,availability,True
0je.gs,availability,True
0qf.gs,availability,True
059.gs,availability,True
0mi.gs,availability,True
0jq.gs,availability,True
0qm.gs,availability,True
0n2.gs,availability,True
0d7.gs,availability,True
0ba.gs,availability,True
0mf.gs,availability,True
0qk.gs,availability,True
05a.gs,availability,True
0be.gs,availability,True
0qe.gs,availability,True
0qw.gs,availability,True
05u.gs,availability,True
0d9.gs,availability,True
0u0.gs,availability,True
0a4.gs,availability,True
0a1.gs,availability,True
089.gs,availability,True
0j7.gs,availability,True
0cg.gs,availability,True
0p4.gs,availability,True
0qn.gs,availability,True
06n.gs,availability,True
0rx.gs,availability,True
0oy.gs,availability,True
0t9.gs,availability,True
0hg.gs,availability,True
052.gs,availability,True
0g5.gs,availability,True
0uq.gs,availability,True
08y.gs,availability,True
0gc.gs,availability,True
07h.gs,availability,True
07q.gs,availability,True
0r0.gs,availability,True
065.gs,availability,True
0c7.gs,availability,True
07a.gs,availability,True
08j.gs,availability,True
08w.gs,availability,True
06p.gs,availability,True
0qz.gs,availability,True
071.gs,availability,True
0gk.gs,availability,True
08d.gs,availability,True
06a.gs,availability,True
0vr.gs,availability,True
05j.gs,availability,True
07f.gs,availability,True
0c9.gs,availability,True
0l6.gs,availability,True
092.gs,availability,True
07j.gs,availability,True
04o.gs,availability,True
0p9.gs,availability,True
0l7.gs,availability,True
04r.gs,availability,True
0cf.gs,availability,True
0c5.gs,availability,True
0ch.gs,availability,True
09i.gs,availability,True
080.gs,availability,True
0lr.gs,availability,True
057.gs,availability,True
0jh.gs,availability,True
0pe.gs,availability,True
0gd.gs,availability,True
0na.gs,availability,True
0p2.gs,availability,True
0qx.gs,availability,True
06u.gs,availability,True
0q5.gs,availability,True
0f3.gs,availability,True
0qj.gs,availability,True
0g8.gs,availability,True
0te.gs,availability,True
05s.gs,availability,True
0k2.gs,availability,True
0ck.gs,availability,True
0sk.gs,availability,True
060.gs,availability,True
0k4.gs,availability,True
0cj.gs,availability,True
064.gs,availability,True
0l0.gs,availability,True
08k.gs,availability,True
0v1.gs,availability,True
0kw.gs,availability,True
04v.gs,availability,True
050.gs,availability,True
0kx.gs,availability,True
0qp.gs,availability,True
069.gs,availability,True
0pz.gs,availability,True
07b.gs,availability,True
0ee.gs,availability,True
09f.gs,availability,True
0qr.gs,availability,True
0sz.gs,availability,True
0jl.gs,availability,True
0ca.gs,availability,True
0gr.gs,availability,True
0rn.gs,availability,True
0ul.gs,availability,True
0su.gs,availability,True
0re.gs,availability,True
0qv.gs,availability,True
0v5.gs,availability,True
075.gs,availability,True
06l.gs,availability,True
04p.gs,availability,True
0uo.gs,availability,True
0jz.gs,availability,True
0uy.gs,availability,True
07p.gs,availability,True
08m.gs,availability,True
05k.gs,availability,True
0pt.gs,availability,True
0pd.gs,availability,True
0v4.gs,availability,True
08n.gs,availability,True
05g.gs,availability,True
0bd.gs,availability,True
0tz.gs,availability,True
06r.gs,availability,True
06q.gs,availability,True
070.gs,availability,True
04w.gs,availability,True
066.gs,availability,True
0bp.gs,availability,True
0j4.gs,availability,True
08q.gs,availability,True
07r.gs,availability,True
0gu.gs,availability,True
06w.gs,availability,True
0ut.gs,availability,True
0cy.gs,availability,True
0k0.gs,availability,True
0bc.gs,availability,True
05h.gs,availability,True
06i.gs,availability,True
0fs.gs,availability,True
0th.gs,availability,True
053.gs,availability,True
08z.gs,availability,True
05t.gs,availability,True
0pa.gs,availability,True
07t.gs,availability,True
0iz.gs,availability,True
072.gs,availability,True
0u6.gs,availability,True
062.gs,availability,True
0f2.gs,availability,True
0i1.gs,availability,True
0jx.gs,availability,True
0gq.gs,availability,True
074.gs,availability,True
07z.gs,availability,True
061.gs,availability,True
05n.gs,availability,True
0gb.gs,availability,True
04y.gs,availability,True
0cc.gs,availability,True
05f.gs,availability,True
0dr.gs,availability,True
0vb.gs,availability,True
0gj.gs,availability,True
0n4.gs,availability,True
07m.gs,availability,True
0af.gs,availability,True
0dd.gs,availability,True
0d4.gs,availability,True
0cn.gs,availability,True
0c6.gs,availability,True
07k.gs,availability,True
0ar.gs,availability,True
0c3.gs,availability,True
0l9.gs,availability,True
0az.gs,availability,True
0hx.gs,availability,True
051.gs,availability,True
079.gs,availability,True
091.gs,availability,True
0fm.gs,availability,True
04q.gs,availability,True
0ak.gs,availability,True
0al.gs,availability,True
0v2.gs,availability,True
0pb.gs,availability,True
0gp.gs,availability,True
0cu.gs,availability,True
07o.gs,availability,True
05c.gs,availability,True
0df.gs,availability,True
0a9.gs,availability,True
0bm.gs,availability,True
0ti.gs,availability,True
0v6.gs,availability,True
0b4.gs,availability,True
0fz.gs,availability,True
09d.gs,availability,True
0qt.gs,availability,True
073.gs,availability,True
07g.gs,availability,True
0bx.gs,availability,True
0hn.gs,availability,True
06v.gs,availability,True
0ad.gs,availability,True
0cr.gs,availability,True
0iy.gs,availability,True
0uw.gs,availability,True
0h1.gs,availability,True
0l1.gs,availability,True
0h3.gs,availability,True
0ct.gs,availability,True
0ci.gs,availability,True
0us.gs,availability,True
0cp.gs,availability,True
0cb.gs,availability,True
0bj.gs,availability,True
0hm.gs,availability,True
0cm.gs,availability,True
0b0.gs,availability,True
054.gs,availability,True
0rk.gs,availability,True
0ry.gs,availability,True
0gf.gs,availability,True
06s.gs,availability,True
06m.gs,availability,True
0kt.gs,availability,True
05d.gs,availability,True
09q.gs,availability,True
058.gs,availability,True
0cv.gs,availability,True
0rf.gs,availability,True
0dx.gs,availability,True
090.gs,availability,True
09o.gs,availability,True
07c.gs,availability,True
0kk.gs,availability,True
0ce.gs,availability,True
0vc.gs,availability,True
06h.gs,availability,True
0ky.gs,availability,True
06c.gs,availability,True
0os.gs,availability,True
09r.gs,availability,True
0v8.gs,availability,True
07n.gs,availability,True
0st.gs,availability,True
0b5.gs,availability,True
0jw.gs,availability,True
0go.gs,availability,True
0sp.gs,availability,True
0bs.gs,availability,True
0uj.gs,availability,True
0ay.gs,availability,True
0uv.gs,availability,True
0b8.gs,availability,True
0qq.gs,availability,True
0eb.gs,availability,True
0un.gs,availability,True
0aw.gs,availability,True
0vd.gs,availability,True
0a7.gs,availability,True
0rj.gs,availability,True
0fw.gs,availability,True
0tr.gs,availability,True
09n.gs,availability,True
0m8.gs,availability,True
0at.gs,availability,True
0uz.gs,availability,True
09w.gs,availability,True
0tg.gs,availability,True
088.gs,availability,True
0vy.gs,availability,True
0ae.gs,availability,True
0uu.gs,availability,True
09m.gs,availability,True
0jy.gs,availability,True
08r.gs,availability,True
0nc.gs,availability,True
08v.gs,availability,True
0kv.gs,availability,True
0a3.gs,availability,True
0k9.gs,availability,True
085.gs,availability,True
0mn.gs,availability,True
0hy.gs,availability,True
0q2.gs,availability,True
08e.gs,availability,True
0ve.gs,availability,True
05i.gs,availability,True
0k6.gs,availability,True
084.gs,availability,True
0rh.gs,availability,True
0fh.gs,availability,True
0qs.gs,availability,True
0cz.gs,availability,True
0rw.gs,availability,True
0hc.gs,availability,True
0p5.gs,availability,True
08l.gs,availability,True
0q4.gs,availability,True
0gi.gs,availability,True
0tk.gs,availability,True
0c4.gs,availability,True
0l3.gs,availability,True
08i.gs,availability,True
0ku.gs,availability,True
0if.gs,availability,True
0r4.gs,availability,True
0hr.gs,availability,True
0q7.gs,availability,True
0d3.gs,availability,True
0ro.gs,availability,True
0hb.gs,availability,True
0s8.gs,availability,True
0gg.gs,availability,True
0r2.gs,availability,True
0ft.gs,availability,True
0k5.gs,availability,True
0dy.gs,availability,True
0r9.gs,availability,True
0b1.gs,availability,True
0nd.gs,availability,True
0ej.gs,availability,True
0kh.gs,availability,True
0gv.gs,availability,True
0vm.gs,availability,True
0bu.gs,availability,True
0k1.gs,availability,True
0el.gs,availability,True
0pw.gs,availability,True
0bf.gs,availability,True
0r6.gs,availability,True
07x.gs,availability,True
0k8.gs,availability,True
06y.gs,availability,True
0sa.gs,availability,True
0fv.gs,availability,True
0sx.gs,availability,True
0dw.gs,availability,True
0k7.gs,availability,True
06j.gs,availability,True
0w8.gs,availability,True
0bv.gs,availability,True
0ra.gs,availability,True
0a8.gs,availability,True
0pu.gs,availability,True
0gw.gs,availability,True
0r1.gs,availability,True
0ap.gs,availability,True
0kg.gs,availability,True
0ht.gs,availability,True
0vw.gs,availability,True
0a2.gs,availability,True
0o9.gs,availability,True
0cl.gs,availability,True
0ri.gs,availability,True
0e1.gs,availability,True
0q3.gs,availability,True
0vk.gs,availability,True
0fa.gs,availability,True
0pq.gs,availability,True
0ih.gs,availability,True
0oc.gs,availability,True
0i8.gs,availability,True
0n7.gs,availability,True
0c8.gs,availability,True
0nf.gs,availability,True
0hj.gs,availability,True
0ke.gs,availability,True
0i5.gs,availability,True
0ld.gs,availability,True
0ey.gs,availability,True
0oe.gs,availability,True
08c.gs,availability,True
0uh.gs,availability,True
096.gs,availability,True
0ug.gs,availability,True
05z.gs,availability,True
0pv.gs,availability,True
08x.gs,availability,True
0r5.gs,availability,True
0ho.gs,availability,True
0ka.gs,availability,True
0bz.gs,availability,True
0kz.gs,availability,True
07y.gs,availability,True
0ms.gs,availability,True
04u.gs,availability,True
0vq.gs,availability,True
0b2.gs,availability,True
0oa.gs,availability,True
0ep.gs,availability,True
0tf.gs,availability,True
076.gs,availability,True
0vo.gs,availability,True
0g3.gs,availability,True
0rl.gs,availability,True
0b9.gs,availability,True
0lc.gs,availability,True
0bl.gs,availability,True
0sv.gs,availability,True
09y.gs,availability,True
0ml.gs,availability,True
0gx.gs,availability,True
0ue.gs,availability,True
0d0.gs,availability,True
0vx.gs,availability,True
0ag.gs,availability,True
0vi.gs,availability,True
0ge.gs,availability,True
0ki.gs,availability,True
0ib.gs,availability,True
0q8.gs,availability,True
0dn.gs,availability,True
0um.gs,availability,True
05r.gs,availability,True
0l5.gs,availability,True
0aa.gs,availability,True
0r7.gs,availability,True
08s.gs,availability,True
0vg.gs,availability,True
082.gs,availability,True
0l8.gs,availability,True
0i4.gs,availability,True
0s6.gs,availability,True
0bo.gs,availability,True
0ux.gs,availability,True
0g1.gs,availability,True
0r8.gs,availability,True
0em.gs,availability,True
0vl.gs,availability,True
0eh.gs,availability,True
0vp.gs,availability,True
0dk.gs,availability,True
0vt.gs,availability,True
0bk.gs,availability,True
0u3.gs,availability,True
0hs.gs,availability,True
0vu.gs,availability,True
08a.gs,availability,True
0s5.gs,availability,True
0dm.gs,availability,True
0sy.gs,availability,True
09l.gs,availability,True
0ks.gs,availability,True
0f5.gs,availability,True
0uf.gs,availability,True
0g9.gs,availability,True
0m3.gs,availability,True
0ax.gs,availability,True
0u9.gs,availability,True
0ic.gs,availability,True
0o8.gs,availability,True
0ed.gs,availability,True
0mb.gs,availability,True
0fk.gs,availability,True
0lf.gs,availability,True
0ex.gs,availability,True
0ly.gs,availability,True
0fc.gs,availability,True
0vz.gs,availability,True
0ds.gs,availability,True
0l2.gs,availability,True
0bn.gs,availability,True
0w2.gs,availability,True
095.gs,availability,True
0rg.gs,availability,True
0f4.gs,availability,True
0s7.gs,availability,True
0bw.gs,availability,True
0vj.gs,availability,True
05q.gs,availability,True
0v9.gs,availability,True
07d.gs,availability,True
0m6.gs,availability,True
0f7.gs,availability,True
0uk.gs,availability,True
0fg.gs,availability,True
0n5.gs,availability,True
0f0.gs,availability,True
0nl.gs,availability,True
0do.gs,availability,True
0p6.gs,availability,True
0bh.gs,availability,True
0sg.gs,availability,True
0d5.gs,availability,True
0t0.gs,availability,True
0dg.gs,availability,True
0qu.gs,availability,True
0hi.gs,availability,True
0w4.gs,availability,True
0e9.gs,availability,True
0s4.gs,availability,True
0fj.gs,availability,True
0ps.gs,availability,True
0he.gs,availability,True
083.gs,availability,True
09z.gs,availability,True
04z.gs,availability,True
09c.gs,availability,True
0mw.gs,availability,True
0e6.gs,availability,True
0qc.gs,availability,True
0ig.gs,availability,True
0u7.gs,availability,True
05p.gs,availability,True
0ls.gs,availability,True
0i7.gs,availability,True
0lj.gs,availability,True
0by.gs,availability,True
0no.gs,availability,True
0bi.gs,availability,True
0ud.gs,availability,True
0dh.gs,availability,True
0va.gs,availability,True
0da.gs,availability,True
0pc.gs,availability,True
0ev.gs,availability,True
0ln.gs,availability,True
0hd.gs,availability,True
0q9.gs,availability,True
0ii.gs,availability,True
0n6.gs,availability,True
06b.gs,availability,True
0pn.gs,availability,True
0e2.gs,availability,True
0u8.gs,availability,True
0e8.gs,availability,True
0qg.gs,availability,True
0ew.gs,availability,True
0w6.gs,availability,True
0di.gs,availability,True
0so.gs,availability,True
056.gs,availability,True
0qa.gs,availability,True
09b.gs,availability,True
0or.gs,availability,True
0ez.gs,availability,True
0ma.gs,availability,True
0fx.gs,availability,True
0q0.gs,availability,True
09p.gs,availability,True
0me.gs,availability,True
0en.gs,availability,True
0qd.gs,availability,True
0bq.gs,availability,True
0q1.gs,availability,True
0b7.gs,availability,True
0oi.gs,availability,True
0h4.gs,availability,True
0mj.gs,availability,True
07w.gs,availability,True
0ql.gs,availability,True
0g7.gs,availability,True
0mz.gs,availability,True
05l.gs,availability,True
0kd.gs,availability,True
0dq.gs,availability,True
0sl.gs,availability,True
0fl.gs,availability,True
0po.gs,availability,True
0d1.gs,availability,True
0nt.gs,availability,True
0ab.gs,availability,True
0pj.gs,availability,True
0fb.gs,availability,True
0sn.gs,availability,True
0i6.gs,availability,True
0we.gs,availability,True
09s.gs,availability,True
0uc.gs,availability,True
0fo.gs,availability,True
0mt.gs,availability,True
08f.gs,availability,True
0li.gs,availability,True
0cq.gs,availability,True
0up.gs,availability,True
04t.gs,availability,True
0qh.gs,availability,True
06o.gs,availability,True
0se.gs,availability,True
0c0.gs,availability,True
0wd.gs,availability,True
0ia.gs,availability,True
0mc.gs,availability,True
0gm.gs,availability,True
0nk.gs,availability,True
0gz.gs,availability,True
0on.gs,availability,True
078.gs,availability,True
0qi.gs,availability,True
0h6.gs,availability,True
0mp.gs,availability,True
09j.gs,availability,True
0t2.gs,availability,True
0co.gs,availability,True
0wa.gs,availability,True
0cd.gs,availability,True
0si.gs,availability,True
05x.gs,availability,True
0lt.gs,availability,True
0f1.gs,availability,True
0oh.gs,availability,True
0br.gs,availability,True
0m4.gs,availability,True
0as.gs,availability,True
0m2.gs,availability,True
0es.gs,availability,True
0ol.gs,availability,True
0an.gs,availability,True
0rp.gs,availability,True
0h9.gs,availability,True
0s3.gs,availability,True
06d.gs,availability,True
0t8.gs,availability,True
06f.gs,availability,True
0mx.gs,availability,True
067.gs,availability,True
0le.gs,availability,True
0d6.gs,availability,True
0o7.gs,availability,True
09k.gs,availability,True
0nj.gs,availability,True
063.gs,availability,True
0wc.gs,availability,True
05b.gs,availability,True
0n1.gs,availability,True
0g4.gs,availability,True
0my.gs,availability,True
09g.gs,availability,True
0od.gs,availability,True
0hz.gs,availability,True
0lv.gs,availability,True
0ea.gs,availability,True
0sh.gs,availability,True
06x.gs,availability,True
0np.gs,availability,True
0ao.gs,availability,True
0mo.gs,availability,True
04x.gs,availability,True
0m0.gs,availability,True
0h0.gs,availability,True
0kf.gs,availability,True
06e.gs,availability,True
0vf.gs,availability,True
0bt.gs,availability,True
0tn.gs,availability,True
0et.gs,availability,True
0tw.gs,availability,True
0h2.gs,availability,True
0mu.gs,availability,True
0fu.gs,availability,True
0tm.gs,availability,True
055.gs,availability,True
0nm.gs,availability,True
0du.gs,availability,True
0tl.gs,availability,True
0e3.gs,availability,True
0sd.gs,availability,True
07u.gs,availability,True
0p3.gs,availability,True
0dj.gs,availability,True
0oq.gs,availability,True
0ai.gs,availability,True
0mm.gs,availability,True
0hv.gs,availability,True
0t3.gs,availability,True
0hf.gs,availability,True
0wf.gs,availability,True
0h7.gs,availability,True
0oj.gs,availability,True
0fr.gs,availability,True
0de.gs,availability,True
0rt.gs,availability,True
0pm.gs,availability,True
0g0.gs,availability,True
0s2.gs,availability,True
0g6.gs,availability,True
0ob.gs,availability,True
086.gs,availability,False
0ua.gs,availability,True
097.gs,availability,True
0o3.gs,availability,True
087.gs,availability,True
0lo.gs,availability,True
0gn.gs,availability,True
0td.gs,availability,True
0dt.gs,availability,True
0rz.gs,availability,True
0e5.gs,availability,True
0lw.gs,availability,True
0hw.gs,availability,True
0t7.gs,availability,True
0fn.gs,availability,True
093.gs,availability,True
0tj.gs,availability,True
0f6.gs,availability,True
0lm.gs,availability,True
0au.gs,availability,True
0p7.gs,availability,True
0cw.gs,availability,True
0pi.gs,availability,True
0er.gs,availability,True
0mq.gs,availability,True
0i9.gs,availability,True
0ni.gs,availability,True
06t.gs,availability,True
0w1.gs,availability,True
0ff.gs,availability,True
0kc.gs,availability,True
05v.gs,availability,True
0sr.gs,availability,True
0ie.gs,availability,True
0sf.gs,availability,True
098.gs,availability,True
0tb.gs,availability,True
0ij.gs,availability,True
0rd.gs,availability,True
0b6.gs,availability,True
0p1.gs,availability,True
0aj.gs,availability,True
0pk.gs,availability,True
06g.gs,availability,True
0m9.gs,availability,True
0g2.gs,availability,True
0to.gs,availability,True
0ga.gs,availability,True
0ns.gs,availability,True
08t.gs,availability,True
0km.gs,availability,True
0dz.gs,availability,True
0ot.gs,availability,True
09h.gs,availability,True
0t5.gs,availability,True
094.gs,availability,True
0qy.gs,availability,True
0av.gs,availability,True
0e0.gs,availability,True
0c1.gs,availability,True
0dv.gs,availability,True
0hk.gs,availability,True
0a5.gs,availability,True
0ko.gs,availability,True
0ha.gs,availability,True
0s9.gs,availability,True
0ac.gs,availability,True
0tx.gs,availability,True
0e7.gs,availability,True
0p8.gs,availability,True
04s.gs,availability,True
0o0.gs,availability,True
0eg.gs,availability,True
0u2.gs,availability,True
05w.gs,availability,True
0tt.gs,availability,True
0d2.gs,availability,True
0ph.gs,availability,True
0f9.gs,availability,True
0t4.gs,availability,True
0ek.gs,availability,True
0hl.gs,availability,True
09u.gs,availability,True
0ss.gs,availability,True
0dl.gs,availability,True
08o.gs,availability,True
0nw.gs,availability,True
0ah.gs,availability,True
0o2.gs,availability,True
0fd.gs,availability,True
0n8.gs,availability,True
0hq.gs,availability,True
0nq.gs,availability,True
0fq.gs,availability,True
0w9.gs,availability,True
0i0.gs,availability,True
0eu.gs,availability,True
0v7.gs,availability,True
0bg.gs,availability,True
0pp.gs,availability,True
08g.gs,availability,True
0px.gs,availability,True
0gs.gs,availability,True
08b.gs,availability,True
09e.gs,availability,True
0ow.gs,availability,True
077.gs,availability,True
0kn.gs,availability,True
0a0.gs,availability,True
0rv.gs,availability,True
0hp.gs,availability,True
0mr.gs,availability,True
05e.gs,availability,True
0vs.gs,availability,True
07i.gs,availability,True
0gh.gs,availability,True
0o4.gs,availability,True
0n3.gs,availability,True
0gt.gs,availability,True
0h5.gs,availability,True
08h.gs,availability,True
09v.gs,availability,True
06k.gs,availability,True
0rr.gs,availability,True
0h8.gs,availability,True
0d8.gs,availability,True
0lx.gs,availability,True
0id.gs,availability,True
0i2.gs,availability,True
05o.gs,availability,True
0tp.gs,availability,True
081.gs,availability,True
0f8.gs,availability,True
08p.gs,availability,True
0nz.gs,availability,True
0db.gs,availability,True
0nr.gs,availability,True
09x.gs,availability,True
0c2.gs,availability,True
08u.gs,availability,True
0tc.gs,availability,True
0i3.gs,availability,True
0cs.gs,availability,True
0e4.gs,availability,True
0kr.gs,availability,True
0bb.gs,availability,True
0a6.gs,availability,True
06z.gs,availability,True
0w5.gs,availability,True
0hh.gs,availability,True
07v.gs,availability,True
0hu.gs,availability,True
0op.gs,availability,True
0ec.gs,availability,True
0b3.gs,availability,True
0ef.gs,availability,True
0ru.gs,availability,True
09a.gs,availability,True
0dc.gs,availability,True
0aq.gs,availability,True
0nn.gs,availability,True
0dp.gs,availability,True
05m.gs,availability,True
0ei.gs,availability,True
0r3.gs,availability,True
0fp.gs,availability,True
099.gs,availability,True
05y.gs,availability,True
0nu.gs,availability,True
0eq.gs,availability,True
0mh.gs,availability,True
0sm.gs,availability,True
0s0.gs,availability,True
0om.gs,availability,True
0ta.gs,availability,True
0ov.gs,availability,True
0sq.gs,availability,True
0u5.gs,availability,True
0of.gs,availability,True
0og.gs,availability,True
0u1.gs,availability,True
0pg.gs,availability,True
0mg.gs,availability,True
0m7.gs,availability,True
0nv.gs,availability,True
0ub.gs,availability,True
0rb.gs,availability,True
0mk.gs,availability,True
0lb.gs,availability,True
0lg.gs,availability,True
0kp.gs,availability,True
0vh.gs,availability,True
0oz.gs,availability,True
0ui.gs,availability,True
0w0.gs,availability,True
0p0.gs,availability,True
0wb.gs,availability,True
0pf.gs,availability,True
0rq.gs,availability,True
0o1.gs,availability,True
0kj.gs,availability,True
0mv.gs,availability,True
0qb.gs,availability,True
0ny.gs,availability,True
0lu.gs,availability,True
0oo.gs,availability,True
0py.gs,availability,True
0md.gs,availability,True
0kl.gs,availability,True
0u4.gs,availability,True
0lp.gs,availability,True
0n9.gs,availability,True
0l4.gs,availability,True
0lk.gs,availability,True
0nb.gs,availability,True
0nx.gs,availability,True
0s1.gs,availability,True
0ok.gs,availability,True
0m5.gs,availability,True
0q6.gs,availability,True
0vv.gs,availability,True
0rc.gs,availability,True
0ne.gs,availability,True
0ng.gs,availability,True
0tv.gs,availability,True
0n0.gs,availability,True
0ty.gs,availability,True
0la.gs,availability,True
0ur.gs,availability,True
0lz.gs,availability,True
0tq.gs,availability,True
0o5.gs,availability,True
0ox.gs,availability,True
0v3.gs,availability,True
0sc.gs,availability,True
0tu.gs,availability,True
0rm.gs,availability,True
0t6.gs,availability,True
0sw.gs,availability,True
0rs.gs,availability,True
0ou.gs,availability,True
0ts.gs,availability,True
0w3.gs,availability,True
0kq.gs,availability,True
0sb.gs,availability,True
0vn.gs,availability,True
0lq.gs,availability,True
0w7.gs,availability,True
0nh.gs,availability,True
0v0.gs,availability,True
0m1.gs,availability,True
0pl.gs,availability,True
0pr.gs,availability,True
0lh.gs,availability,True
0kb.gs,availability,True
0ll.gs,availability,True
0t1.gs,availability,True
ex.gs,availability,False
cw.gs,availability,False
h5.gs,availability,False
k0.gs,availability,False
hp.gs,availability,False
i4.gs,availability,False
ib.gs,availability,False
jy.gs,availability,False
ea.gs,availability,False
l4.gs,availability,False
d6.gs,availability,False
h8.gs,availability,False
f0.gs,availability,False
h6.gs,availability,False
ir.gs,availability,False
i6.gs,availability,False
d9.gs,availability,False
hk.gs,availability,False
fn.gs,availability,False
l2.gs,availability,False
cx.gs,availability,False
f2.gs,availability,False
fv.gs,availability,False
dl.gs,availability,False
hg.gs,availability,False
ix.gs,availability,False
fb.gs,availability,False
fp.gs,availability,False
l7.gs,availability,False
f5.gs,availability,False
d5.gs,availability,False
io.gs,availability,False
g4.gs,availability,False
dm.gs,availability,False
i7.gs,availability,False
ft.gs,availability,False
k9.gs,availability,False
ep.gs,availability,False
jz.gs,availability,False
ip.gs,availability,False
ej.gs,availability,False
g6.gs,availability,False
ez.gs,availability,False
gf.gs,availability,False
k1.gs,availability,False
fa.gs,availability,False
eo.gs,availability,False
f7.gs,availability,False
de.gs,availability,False
id.gs,availability,False
hu.gs,availability,False
fe.gs,availability,False
fq.gs,availability,False
g8.gs,availability,False
e1.gs,availability,False
l0.gs,availability,False
in.gs,availability,False
ds.gs,availability,False
f6.gs,availability,False
k5.gs,availability,False
ic.gs,availability,False
e7.gs,availability,False
g1.gs,availability,False
is.gs,availability,False
ei.gs,availability,False
ee.gs,availability,False
i1.gs,availability,False
eb.gs,availability,False
kb.gs,availability,False
fy.gs,availability,False
ht.gs,availability,False
gq.gs,availability,False
iz.gs,availability,False
f8.gs,availability,False
gn.gs,availability,False
hv.gs,availability,False
fx.gs,availability,False
gg.gs,availability,False
kv.gs,availability,False
e4.gs,availability,False
kn.gs,availability,False
k7.gs,availability,False
kw.gs,availability,False
dc.gs,availability,False
gt.gs,availability,False
k4.gs,availability,False
dd.gs,availability,False
fi.gs,availability,False
gy.gs,availability,False
da.gs,availability,False
fs.gs,availability,False
gv.gs,availability,False
fk.gs,availability,False
h0.gs,availability,False
fm.gs,availability,False
e9.gs,availability,False
f1.gs,availability,False
ff.gs,availability,False
iv.gs,availability,False
dx.gs,availability,False
dg.gs,availability,False
kc.gs,availability,False
fg.gs,availability,False
gb.gs,availability,False
i2.gs,availability,False
kh.gs,availability,False
dk.gs,availability,False
he.gs,availability,False
gj.gs,availability,False
gm.gs,availability,False
ks.gs,availability,False
e8.gs,availability,False
kl.gs,availability,False
fz.gs,availability,False
fw.gs,availability,False
jr.gs,availability,False
du.gs,availability,False
la.gs,availability,False
ii.gs,availability,False
j4.gs,availability,False
kq.gs,availability,False
ki.gs,availability,False
kt.gs,availability,False
fo.gs,availability,False
hd.gs,availability,False
hz.gs,availability,False
i9.gs,availability,False
h9.gs,availability,False
ku.gs,availability,False
jv.gs,availability,False
d7.gs,availability,False
g0.gs,availability,False
k3.gs,availability,False
l1.gs,availability,False
d3.gs,availability,False
g7.gs,availability,False
l5.gs,availability,False
i0.gs,availability,False
cz.gs,availability,False
ia.gs,availability,False
ih.gs,availability,False
dh.gs,availability,False
qb.gs,availability,False
eh.gs,availability,False
j3.gs,availability,False
k2.gs,availability,False
q6.gs,availability,False
cy.gs,availability,False
fr.gs,availability,False
pf.gs,availability,False
if.gs,availability,False
gc.gs,availability,False
di.gs,availability,False
kx.gs,availability,False
ig.gs,availability,False
k8.gs,availability,False
hh.gs,availability,False
im.gs,availability,False
jn.gs,availability,False
dj.gs,availability,False
l3.gs,availability,False
em.gs,availability,False
ie.gs,availability,False
dn.gs,availability,False
ky.gs,availability,False
ey.gs,availability,False
k6.gs,availability,False
f4.gs,availability,False
il.gs,availability,False
hl.gs,availability,False
dp.gs,availability,False
d0.gs,availability,False
gh.gs,availability,False
li.gs,availability,False
el.gs,availability,False
g5.gs,availability,False
hr.gs,availability,False
d1.gs,availability,False
f3.gs,availability,False
km.gs,availability,False
q2.gs,availability,False
hs.gs,availability,False
lq.gs,availability,False
ev.gs,availability,False
i5.gs,availability,False
gi.gs,availability,False
ge.gs,availability,False
lr.gs,availability,False
do.gs,availability,False
lu.gs,availability,False
d8.gs,availability,False
dr.gs,availability,False
g2.gs,availability,False
gs.gs,availability,False
fc.gs,availability,False
j1.gs,availability,False
e0.gs,availability,False
h3.gs,availability,False
hf.gs,availability,False
j0.gs,availability,False
f9.gs,availability,False
e6.gs,availability,False
dt.gs,availability,False
iu.gs,availability,False
qd.gs,availability,False
pz.gs,availability,False
hm.gs,availability,False
g9.gs,availability,False
g3.gs,availability,False
hc.gs,availability,False
fu.gs,availability,False
ik.gs,availability,False
gk.gs,availability,False
pj.gs,availability,False
db.gs,availability,False
qc.gs,availability,False
ec.gs,availability,False
l8.gs,availability,False
kk.gs,availability,False
lp.gs,availability,False
ka.gs,availability,False
ls.gs,availability,False
gp.gs,availability,False
q4.gs,availability,False
iw.gs,availability,False
l9.gs,availability,False
dz.gs,availability,False
iy.gs,availability,False
hx.gs,availability,False
lh.gs,availability,False
gr.gs,availability,False
kp.gs,availability,False
ke.gs,availability,False
fj.gs,availability,False
l6.gs,availability,False
hq.gs,availability,False
qe.gs,availability,False
op.gs,availability,False
gu.gs,availability,False
eg.gs,availability,False
es.gs,availability,False
en.gs,availability,False
lc.gs,availability,False
j9.gs,availability,False
fd.gs,availability,False
kj.gs,availability,False
iq.gs,availability,False
e5.gs,availability,False
dw.gs,availability,False
fh.gs,availability,False
jl.gs,availability,False
e2.gs,availability,False
q5.gs,availability,False
pr.gs,availability,False
ol.gs,availability,False
dq.gs,availability,False
ij.gs,availability,False
mc.gs,availability,False
dy.gs,availability,False
q9.gs,availability,False
go.gs,availability,False
df.gs,availability,False
fl.gs,availability,False
kf.gs,availability,False
i3.gs,availability,False
jt.gs,availability,False
kr.gs,availability,False
pd.gs,availability,False
h2.gs,availability,False
j2.gs,availability,False
gl.gs,availability,False
qf.gs,availability,False
jd.gs,availability,False
dv.gs,availability,False
hj.gs,availability,False
it.gs,availability,False
ld.gs,availability,False
ga.gs,availability,False
ll.gs,availability,False
ou.gs,availability,False
j5.gs,availability,False
qi.gs,availability,False
p7.gs,availability,False
ef.gs,availability,False
pl.gs,availability,False
js.gs,availability,False
my.gs,availability,False
pq.gs,availability,False
q3.gs,availability,False
pv.gs,availability,False
me.gs,availability,False
pc.gs,availability,False
pp.gs,availability,False
q7.gs,availability,False
nc.gs,availability,False
lf.gs,availability,False
mt.gs,availability,False
ew.gs,availability,False
jb.gs,availability,False
lg.gs,availability,False
jj.gs,availability,False
ok.gs,availability,False
jk.gs,availability,False
oq.gs,availability,False
ji.gs,availability,False
mb.gs,availability,False
eq.gs,availability,False
et.gs,availability,False
e3.gs,availability,False
qj.gs,availability,False
qo.gs,availability,False
mq.gs,availability,False
n7.gs,availability,False
pu.gs,availability,False
lz.gs,availability,False
kg.gs,availability,False
ov.gs,availability,False
p2.gs,availability,False
px.gs,availability,False
nq.gs,availability,False
pb.gs,availability,False
or.gs,availability,False
qm.gs,availability,False
p5.gs,availability,False
ob.gs,availability,False
qn.gs,availability,False
p4.gs,availability,False
jc.gs,availability,False
nu.gs,availability,False
ek.gs,availability,False
gx.gs,availability,False
ha.gs,availability,False
qh.gs,availability,False
lv.gs,availability,False
ni.gs,availability,False
lt.gs,availability,False
kd.gs,availability,False
hy.gs,availability,False
h4.gs,availability,False
j6.gs,availability,False
ko.gs,availability,False
lx.gs,availability,False
ed.gs,availability,False
ho.gs,availability,False
hi.gs,availability,False
gd.gs,availability,False
pi.gs,availability,False
lw.gs,availability,False
j7.gs,availability,False
ly.gs,availability,False
no.gs,availability,False
ox.gs,availability,False
nx.gs,availability,False
o0.gs,availability,False
gw.gs,availability,False
jf.gs,availability,False
pk.gs,availability,False
p1.gs,availability,False
jm.gs,availability,False
qq.gs,availability,False
mw.gs,availability,False
i8.gs,availability,False
ps.gs,availability,False
jx.gs,availability,False
hb.gs,availability,False
ja.gs,availability,False
pe.gs,availability,False
md.gs,availability,False
h7.gs,availability,False
hn.gs,availability,False
oy.gs,availability,False
nv.gs,availability,False
ot.gs,availability,False
ns.gs,availability,False
qk.gs,availability,False
m2.gs,availability,False
er.gs,availability,False
m5.gs,availability,False
lk.gs,availability,False
pm.gs,availability,False
ph.gs,availability,False
os.gs,availability,False
qr.gs,availability,False
m4.gs,availability,False
gz.gs,availability,False
og.gs,availability,False
n2.gs,availability,False
q0.gs,availability,False
oo.gs,availability,False
o2.gs,availability,False
mn.gs,availability,False
q8.gs,availability,False
oc.gs,availability,False
h1.gs,availability,False
na.gs,availability,False
ms.gs,availability,False
m3.gs,availability,False
jq.gs,availability,False
nb.gs,availability,False
hw.gs,availability,False
p0.gs,availability,False
n5.gs,availability,False
po.gs,availability,False
nn.gs,availability,False
p8.gs,availability,False
om.gs,availability,False
le.gs,availability,False
nh.gs,availability,False
kz.gs,availability,False
nz.gs,availability,False
mf.gs,availability,False
n6.gs,availability,False
on.gs,availability,False
q1.gs,availability,False
o6.gs,availability,False
nf.gs,availability,False
jg.gs,availability,False
oe.gs,availability,False
oh.gs,availability,False
o8.gs,availability,False
m8.gs,availability,False
jh.gs,availability,False
p6.gs,availability,False
jw.gs,availability,False
je.gs,availability,False
mi.gs,availability,False
mp.gs,availability,False
pw.gs,availability,False
ln.gs,availability,False
qa.gs,availability,False
d4.gs,availability,False
nd.gs,availability,False
p3.gs,availability,False
j8.gs,availability,False
mh.gs,availability,False
lb.gs,availability,False
nr.gs,availability,False
oa.gs,availability,False
m7.gs,availability,False
n8.gs,availability,False
p9.gs,availability,False
mg.gs,availability,False
o1.gs,availability,False
lj.gs,availability,False
eu.gs,availability,False
ju.gs,availability,False
jo.gs,availability,False
d2.gs,availability,False
oz.gs,availability,False
n0.gs,availability,False
n1.gs,availability,False
ow.gs,availability,False
nw.gs,availability,False
mx.gs,availability,False
nm.gs,availability,False
mk.gs,availability,False
mr.gs,availability,False
ql.gs,availability,False
qg.gs,availability,False
py.gs,availability,False
nt.gs,availability,False
n4.gs,availability,False
pg.gs,availability,False
pa.gs,availability,False
lo.gs,availability,False
mu.gs,availability,False
pt.gs,availability,False
ny.gs,availability,False
np.gs,availability,False
od.gs,availability,False
o3.gs,availability,False
of.gs,availability,False
mz.gs,availability,False
qp.gs,availability,False
jp.gs,availability,False
pn.gs,availability,False
mv.gs,availability,False
nk.gs,availability,False
m1.gs,availability,False
m0.gs,availability,False
mm.gs,availability,False
o7.gs,availability,False
mo.gs,availability,False
ml.gs,availability,False
m9.gs,availability,False
oi.gs,availability,False
o5.gs,availability,False
nj.gs,availability,False
ng.gs,availability,False
n3.gs,availability,False
mj.gs,availability,False
m6.gs,availability,False
ne.gs,availability,False
ma.gs,availability,False
o9.gs,availability,False
o4.gs,availability,False
nl.gs,availability,False
oj.gs,availability,False
lm.gs,availability,False
n9.gs,availability,False
